rank,Latitude,Longitude,Name of City,Country,2021 Population,2020 Population,Growth,Population Difference,Population Change
1,35.6828387,139.7594549,Tokyo,Japan,37339804,37393128,-0.0014,53324,declined
2,28.6517178,77.2219388,Delhi,India,31181376,30290936,0.0294,890440,grew
3,31.2322758,121.4692071,Shanghai,China,27795702,27058480,0.0272,737222,grew
4,-23.5506507,-46.6333824,Sao Paulo,Brazil,22237472,22043028,0.0088,194444,grew
5,19.4326296,-99.1331785,Mexico City,Mexico,21918936,21782378,0.0063,136558,grew
6,23.7861979,90.4026151,Dhaka,Bangladesh,21741090,21005860,0.035,735230,grew
7,30.0443879,31.2357257,Cairo,Egypt,21322750,20900604,0.0202,422146,grew
8,39.906217,116.3912757,Beijing,China,20896820,20462610,0.0212,434210,grew
9,19.0759899,72.8773928,Mumbai,India,20667656,20411274,0.0126,256382,grew
10,34.6198813,135.490357,Osaka,Japan,19110616,19165340,-0.0029,54724,declined
11,24.8546842,67.0207055,Karachi,Pakistan,16459472,16093786,0.0227,365686,grew
12,29.5647398,106.5478767,Chongqing,China,16382376,15872179,0.0321,510197,grew
13,41.0096334,28.9651646,Istanbul,Turkey,15415197,15190336,0.0148,224861,grew
14,-34.6075682,-58.4370894,Buenos Aires,Argentina,15257673,15153729,0.0069,103944,grew
15,22.5414185,88.3576912,Kolkata,India,14974073,14850066,0.0084,124007,grew
16,-4.3217055,15.3125974,Kinshasa,DR Congo,14970460,14342439,0.0438,628021,grew
17,6.4550575,3.3941795,Lagos,Nigeria,14862111,14368332,0.0344,493779,grew
18,14.5907332,120.9809674,Manila,Philippines,14158573,13923452,0.0169,235121,grew
19,39.0856735,117.1951073,Tianjin,China,13794450,13589078,0.0151,205372,grew
20,23.1301964,113.2592945,Guangzhou,China,13635397,13301532,0.0251,333865,grew
21,-22.9110137,-43.2093727,Rio de Janeiro,Brazil,13544462,13458075,0.0064,86387,grew
22,31.5656822,74.3141829,Lahore,Pakistan,13095166,12642423,0.0358,452743,grew
23,12.9767936,77.590082,Bangalore,India,12764935,12326532,0.0356,438403,grew
24,55.7504461,37.6174943,Moscow,Russia,12593252,12537954,0.0044,55298,grew
25,22.555454,114.0543297,Shenzhen,China,12591696,12356820,0.019,234876,grew
26,13.0836939,80.270186,Chennai,India,11235018,10971108,0.0241,263910,grew
27,4.6533326,-74.083652,Bogota,Colombia,11167392,10978360,0.0172,189032,grew
28,48.8588897,2.320041,Paris,France,11078546,11017230,0.0056,61316,grew
29,-6.1753942,106.827183,Jakarta,Indonesia,10915364,10770487,0.0135,144877,grew
30,-12.0621065,-77.0365256,Lima,Peru,10882757,10719188,0.0153,163569,grew
31,13.7525438,100.4934734,Bangkok,Thailand,10722815,10539415,0.0174,183400,grew
32,17.360589,78.4740613,Hyderabad,India,10268653,10004144,0.0264,264509,grew
33,37.5666791,126.9782914,Seoul,South Korea,9967677,9963452,0.0004,4225,grew
34,35.1851045,136.8998438,Nagoya,Japan,9565642,9552132,0.0014,13510,grew
35,51.5073219,-0.1276474,London,United Kingdom,9425622,9304016,0.0131,121606,grew
36,30.6598628,104.0633717,Chengdu,China,9305116,9135768,0.0185,169348,grew
37,35.6892523,51.3896004,Tehran,Iran,9259009,9134708,0.0136,124301,grew
38,32.0437711,118.7788734,Nanjing,China,9143980,8847372,0.0335,296608,grew
39,10.7715512,106.6983801,Ho Chi Minh City,Vietnam,8837544,8602317,0.0273,235227,grew
41,30.5951051,114.2999353,Wuhan,China,8473405,8364977,0.013,108428,grew
42,34.3430507,108.9350839,Xi-an Shaanxi,China,8274651,8000965,0.0342,273686,grew
43,23.0216238,72.5797068,Ahmedabad,India,8253226,8059441,0.024,193785,grew
44,40.7127281,-74.0060152,New York City,United States,8230290,8283550,-0.0064,53260,declined
45,3.1516964,101.6942371,Kuala Lumpur,Malaysia,8210745,7996830,0.0267,213915,grew
46,30.2489634,120.2052342,Hangzhou,China,7845501,7642147,0.0266,203354,grew
47,22.2793278,114.1628131,Hong Kong,Hong Kong,7598189,7547652,0.0067,50537,grew
48,45.9383,3.2553,Surat,India,7489742,7184590,0.0425,305152,grew
49,23.0205969,113.7457788,Dongguan,China,7451889,7407852,0.0059,44037,grew
50,31.3016935,120.5810725,Suzhou,China,7427096,7069992,0.0505,357104,grew
51,23.0247687,113.1146335,Foshan,China,7406751,7326852,0.0109,79899,grew
52,24.638916,46.7160104,Riyadh,Saudi Arabia,7387817,7231447,0.0216,156370,grew
53,41.6749893,123.458674,Shenyang,China,7373655,7220104,0.0213,153551,grew
54,33.3024309,44.3787992,Baghdad,Iraq,7323079,7144260,0.025,178819,grew
55,-6.8160837,39.2803583,Dar es Salaam,Tanzania,7046892,6701650,0.0515,345242,grew
56,9.8694792,-83.7980749,Santiago,Chile,6811595,6767223,0.0066,44372,grew
57,18.521428,73.8544541,Pune,India,6807984,6629347,0.0269,178637,grew
58,40.4167047,-3.7035825,Madrid,Spain,6668865,6617513,0.0078,51352,grew
59,45.7988273,126.5303997,Haerbin,China,6526439,6387195,0.0218,139244,grew
60,43.6534817,-79.3839347,Toronto,Canada,6254571,6196731,0.0093,57840,grew
61,-19.9227318,-43.9450948,Belo Horizonte,Brazil,6139774,6084430,0.0091,55344,grew
62,1.357107,103.8194992,Singapore,Singapore,5991801,5935053,0.0096,56748,grew
63,15.5635972,32.5349123,Khartoum,Sudan,5989024,5828858,0.0275,160166,grew
64,-26.205,28.049722,Johannesburg,South Africa,5926668,5782747,0.0249,143921,grew
65,38.9181714,121.6282945,Dalian,China,5775938,5617849,0.0281,158089,grew
66,36.0638034,120.3781372,Qingdao,China,5742486,5619977,0.0218,122509,grew
67,41.3828939,2.1774322,Barcelona,Spain,5624498,5585556,0.007,38942,grew
68,33.6251241,130.6180016,Fukuoka,Japan,5516158,5528632,-0.0023,12474,declined
69,36.6507007,117.1140042,Ji-nan Shandong,China,5513597,5360185,0.0286,153412,grew
70,34.7487244,113.6191483,Zhengzhou,China,5510341,5322696,0.0353,187645,grew
71,59.938732,30.316229,Saint Petersburg,Russia,5504305,5467808,0.0067,36497,grew
72,16.7967129,96.1609916,Yangon,Myanmar,5421806,5331800,0.0169,90006,grew
73,31.199004,29.894378,Alexandria,Egypt,5381101,5280664,0.019,100437,grew
74,5.320357,-4.016107,Abidjan,Ivory Coast,5354826,5202762,0.0292,152064,grew
75,20.6720375,-103.338396,Guadalajara,Mexico,5259296,5179479,0.0154,79817,grew
76,39.9207886,32.8540482,Ankara,Turkey,5215747,5117603,0.0192,98144,grew
77,22.3364709,91.8260479,Chittagong,Bangladesh,5132751,5019824,0.0225,112927,grew
78,-37.8142176,144.9631608,Melbourne,Australia,5061439,4967733,0.0189,93706,grew
79,9.0107934,38.7612525,Addis Ababa,Ethiopia,5005524,4793699,0.0442,211825,grew
80,-33.768528,150.956856,Sydney,Australia,4991654,4925987,0.0133,65667,grew
81,25.6802019,-100.315258,Monterrey,Mexico,4955506,4874095,0.0167,81411,grew
82,-1.2832533,36.8172449,Nairobi,Kenya,4922192,4734881,0.0396,187311,grew
83,21.0294498,105.8544441,Hanoi,Vietnam,4874982,4678198,0.0421,196784,grew
84,-10.3333333,-53.2,Brasilia,Brazil,4727902,4645843,0.0177,82059,grew
85,-33.928992,18.417396,Cape Town,South Africa,4709990,4617560,0.02,92430,grew
86,21.5810088,39.1653612,Jiddah,Saudi Arabia,4696535,4610176,0.0187,86359,grew
87,28.2302056,112.9335861,Changsha,China,4694722,4577723,0.0256,116999,grew
88,24.8843019,102.8324209,Kunming,China,4550831,4443186,0.0242,107645,grew
89,43.419754,87.319461,Urumqi,China,4543684,4368865,0.04,174819,grew
90,43.8130735,125.3171216,Changchun,China,4520695,4425761,0.0215,94934,grew
91,31.8644668,119.9562502,Xinbei,Taiwan,4434905,4398383,0.0083,36522,grew
92,23.356377,116.6775918,Shantou,China,4407928,4327316,0.0186,80612,grew
93,31.8228094,117.2218033,Hefei,China,4371005,4241514,0.0305,129491,grew
94,34.5260109,69.1776838,Kabul,Afghanistan,4335770,4221532,0.0271,114238,grew
95,41.8933203,12.4829321,Rome,Italy,4278350,4257056,0.005,21294,grew
96,29.8622194,121.6203873,Ningbo,China,4263843,4116209,0.0359,147634,grew
97,32.0852997,34.7818064,Tel Aviv,Israel,4263745,4181479,0.0197,82266,grew
98,45.5031824,-73.5698065,Montreal,Canada,4247446,4220566,0.0064,26880,grew
99,38.0429742,114.5088385,Shijiazhuang,China,4199392,4114393,0.0207,84999,grew
100,-8.0584933,-34.8848193,Recife,Brazil,4174774,4127091,0.0116,47683,grew
101,3.8689867,11.5213344,Yaounde,Cameroon,4164167,3992411,0.043,171756,grew
102,-30.0324999,-51.2303767,Porto Alegre,Brazil,4160682,4137417,0.0056,23265,grew
103,-3.7304512,-38.5217989,Fortaleza,Brazil,4119633,4073465,0.0113,46168,grew
104,49.1813403,-0.3635615,Kano,Nigeria,4103015,3999050,0.026,103965,grew
105,6.2443382,-75.573553,Medellin,Colombia,4033783,4000263,0.0084,33520,grew
106,26.9154576,75.8189817,Jaipur,India,4007505,3909333,0.0251,98172,grew
107,34.0536909,-118.242766,Los Angeles,United States,3983540,3981560,0.0005,1980,grew
108,37.870009,112.5452739,Taiyuan Shanxi,China,3975985,3891127,0.0218,84858,grew
109,22.8193063,108.3627211,Nanning,China,3974322,3859608,0.0297,114714,grew
110,-26.184765,28.3210725,Ekurhuleni,South Africa,3969937,3894262,0.0194,75675,grew
111,13.8000382,-88.9140683,Salvador,Brazil,3880314,3839076,0.0107,41238,grew
112,33.5950627,-7.6187768,Casablanca,Morocco,3793585,3752357,0.011,41228,grew
113,4.0429408,9.706203,Douala,Cameroon,3793363,3663227,0.0355,130136,grew
114,24.4801069,118.0853479,Xiamen,China,3790792,3720141,0.019,70651,grew
115,26.8381,80.9346001,Lucknow,India,3764619,3676515,0.024,88104,grew
116,26.0774954,119.2918215,Fuzhou Fujian,China,3764559,3685701,0.0214,78858,grew
117,31.8122623,119.9691539,Changzhou,China,3749712,3625328,0.0343,124384,grew
118,11.2450558,75.7754716,Kozhikode,India,3742198,3555411,0.0525,186787,grew
119,-25.4295963,-49.2712724,Curitiba,Brazil,3726050,3678732,0.0129,47318,grew
120,27.9963899,120.695345,Wenzhou,China,3725342,3623646,0.0281,101696,grew
121,28.687547,115.8540042,Nanchang,China,3709958,3598421,0.031,111537,grew
122,7.3777462,3.8972497,Ibadan,Nigeria,3649023,3551961,0.0273,97062,grew
123,11.1068448,76.1099551,Malappuram,India,3608928,3391277,0.0642,217651,grew
124,52.5170365,13.3888599,Berlin,Germany,3566791,3562038,0.0013,4753,grew
125,39.6295591,118.1738665,Tangshan Hebei,China,3562719,3425638,0.04,137081,grew
126,31.4220558,73.0923253,Faisalabad,Pakistan,3542020,3462295,0.023,79725,grew
127,-18.9100122,47.5255809,Antananarivo,Madagascar,3531887,3368585,0.0485,163302,grew
128,-6.2349858,106.9945444,Bekasi,Indonesia,3510050,3394273,0.0341,115777,grew
129,6.698081,-1.6230404,Kumasi,Ghana,3490030,3348062,0.0424,141968,grew
130,0.3177137,32.5813539,Kampala,Uganda,3469510,3298364,0.0519,171146,grew
131,35.1799528,129.0752365,Busan,South Korea,3465946,3465190,0.0002,756,grew
132,9.0643305,7.4892974,Abuja,Nigeria,3464123,3277740,0.0569,186383,grew
133,25.7561647,112.72964,Guiyang,China,3407463,3317110,0.0272,90353,grew
134,-25.2800459,-57.6343814,Asuncion,Paraguay,3394309,3336562,0.0173,57747,grew
135,18.4801972,-69.942111,Santo Domingo,Dominican Republic,3388809,3317784,0.0214,71025,grew
136,-22.90556,-47.06083,Campinas,Brazil,3343816,3300794,0.013,43022,grew
137,31.4933074,120.3074357,Wuxi,China,3315113,3256020,0.0181,59093,grew
138,36.2974945,59.6059232,Mashhad,Iran,3264101,3208336,0.0174,55765,grew
139,18.833333,-98,Puebla,Mexico,3244710,3194848,0.0156,49862,grew
140,14.693425,-17.447938,Dakar,Senegal,3229800,3140442,0.0285,89358,grew
141,10.5256264,76.2132542,Thrissur,India,3212604,3068164,0.0471,144440,grew
142,9.931308,76.2674136,Kochi,India,3193029,3082055,0.036,110974,grew
143,29.3797091,47.9735629,Kuwait City,Kuwait,3177315,3114553,0.0202,62762,grew
144,-29.861825,31.009909,Durban,South Africa,3176254,3158313,0.0057,17941,grew
145,4.7676576,7.0188527,Port Harcourt,Nigeria,3171076,3020232,0.0499,150844,grew
146,36.0620781,103.8318566,Lanzhou,China,3153808,3080522,0.0238,73286,grew
147,26.4609135,80.3217588,Kanpur,India,3153425,3123990,0.0094,29435,grew
148,37.9839412,23.7283052,Athens,Greece,3153255,3153355,0,100,declined
149,45.4641943,9.1896346,Milan,Italy,3144473,3140181,0.0014,4292,grew
150,22.7203616,75.8681996,Indore,India,3113445,3016713,0.0321,96732,grew
151,39.0167979,125.7473609,Pyongyang,North Korea,3108108,3084244,0.0077,23864,grew
152,15.260691,44.424895,Sanaa,Yemen,3075257,2972988,0.0344,102269,grew
153,-2.2895167,-80.0983887,Guayaquil,Ecuador,3042941,2994218,0.0163,48723,grew
154,38.4147331,27.1434119,Izmir,Turkey,3024020,2992953,0.0104,31067,grew
155,50.4500336,30.5241361,Kiev,Ukraine,3000604,2988176,0.0042,12428,grew
156,14.6222328,-90.5185188,Guatemala City,Guatemala,2983174,2934841,0.0165,48333,grew
157,-7.2459717,112.7378266,Surabaya,Indonesia,2972091,2944403,0.0094,27688,grew
158,38.7077507,-9.1365919,Lisbon,Portugal,2971587,2956879,0.005,14708,grew
159,10.506098,-66.9146017,Caracas,Venezuela,2945858,2938992,0.0023,6866,grew
160,22.5213807,113.3656141,Zhongshan,China,2941522,2913974,0.0095,27548,grew
161,21.1498134,79.0820556,Nagpur,India,2940487,2893455,0.0163,47032,grew
162,34.979149,138.38299,Shizuoka,Japan,2930341,2922320,0.0027,8021,grew
163,25.2653471,55.2924914,Dubai,United Arab Emirates,2921376,2878344,0.015,43032,grew
164,12.3681873,-1.5270944,Ouagadougou,Burkina Faso,2914619,2780331,0.0483,134288,grew
165,-15.4164488,28.2821535,Lusaka,Zambia,2905993,2774133,0.0475,131860,grew
166,11.0018115,76.9628425,Coimbatore,India,2860445,2786600,0.0265,73845,grew
167,18.547327,-72.3395928,Port-au-Prince,Haiti,2843925,2773553,0.0254,70372,grew
168,-6.4071903,106.8158348,Depok,Indonesia,2836941,2727209,0.0402,109732,grew
169,36.583333,114.483333,Handan,China,2824345,2726835,0.0358,97510,grew
170,37.456,126.7052,Incheon,South Korea,2818288,2801039,0.0062,17249,grew
171,3.4517923,-76.5324943,Cali,Colombia,2809508,2781980,0.0099,27528,grew
172,36.7753606,3.0601882,Algiers,Algeria,2809158,2767661,0.015,41497,grew
173,33.5524785,119.1075773,Huaian,China,2770106,2655320,0.0432,114786,grew
174,53.4794892,-2.2451148,Manchester,United Kingdom,2750120,2730076,0.0073,20044,grew
175,-16.680882,-49.2532691,Goiania,Brazil,2747887,2690011,0.0215,57876,grew
176,36.7071591,119.1557441,Weifang,China,2746160,2653989,0.0347,92171,grew
177,25.0375198,121.5636796,Taibei,Taiwan,2731208,2721485,0.0036,9723,grew
178,12.6132655,-7.9847391,Bamako,Mali,2713230,2617686,0.0365,95544,grew
179,8.5241122,76.9360573,Thiruvananthapuram,India,2690703,2584752,0.041,105951,grew
180,36.819626,117.980675,Zibo,China,2685108,2639735,0.0172,45373,grew
181,41.8755616,-87.6244212,Chicago,United States,2679080,2686530,-0.0028,7450,declined
182,43.061936,141.3542924,Sapporo,Japan,2670121,2669680,0.0002,441,grew
183,-25.7459374,28.1879444,Pretoria,South Africa,2655282,2565660,0.0349,89622,grew
184,-6.1258942,23.5998111,Mbuji-Mayi,DR Congo,2642794,2525263,0.0465,117531,grew
185,29.9992425,120.576854,Shaoxing,China,2633145,2540018,0.0367,93127,grew
186,52.4796992,-1.9026911,Birmingham,United Kingdom,2626374,2607437,0.0073,18937,grew
187,37.461928,121.4425255,Yantai,China,2609465,2526702,0.0328,82763,grew
188,-6.9344694,107.6049539,Bandung,Indonesia,2606850,2580191,0.0103,26659,grew
189,49.2608724,-123.113952,Vancouver,Canada,2606351,2581079,0.0098,25272,grew
190,23.1146515,114.4107202,Huizhou,China,2605871,2524543,0.0322,81328,grew
191,-11.6642316,27.4826264,Lubumbashi,DR Congo,2584133,2478262,0.0427,105871,grew
192,5.5571096,-0.2012376,Accra,Ghana,2556972,2514005,0.0171,42967,grew
193,41.3123363,69.2787079,Tashkent,Uzbekistan,2545159,2517381,0.011,27778,grew
194,19.292545,-99.6569007,Toluca de Lerdo,Mexico,2522407,2467241,0.0224,55166,grew
195,25.6093239,85.1235252,Patna,India,2481530,2436447,0.0185,45083,grew
196,-0.7264327,15.6419155,Brazzaville,Republic of the Congo,2469630,2388090,0.0341,81540,grew
197,34.6556873,112.4209629,Luoyang,China,2461883,2387094,0.0313,74789,grew
198,23.2584857,77.401989,Bhopal,India,2446882,2389547,0.024,57335,grew
199,18.465299,-66.116666,San Juan,Puerto Rico,2445462,2448417,-0.0012,2955,declined
200,33.5130695,36.3095814,Damascus,Syria,2439814,2392045,0.02,47769,grew
201,-27.4689682,153.0234991,Brisbane,Australia,2439467,2406182,0.0138,33285,grew
202,33.8959203,35.47843,Beirut,Lebanon,2434609,2424425,0.0042,10184,grew
203,33.8439408,9.400138,Tunis,Tunisia,2402680,2365201,0.0158,37479,grew
204,-6.1760311,106.6384468,Tangerang,Indonesia,2397447,2338547,0.0252,58900,grew
205,2.0349312,45.3419183,Mogadishu,Somalia,2387920,2282009,0.0464,105911,grew
206,40.1639991,50.2777093,Baku,Azerbaijan,2370776,2341443,0.0125,29333,grew
207,3.5896654,98.6738261,Medan,Indonesia,2368348,2337958,0.013,30390,grew
208,31.7043556,35.2061876,Belem,Brazil,2360474,2334462,0.0111,26012,grew
209,31.9827896,120.8904588,Nantong,China,2351145,2275777,0.0331,75368,grew
210,38.2677554,140.8691498,Sendai,Japan,2334959,2327417,0.0032,7542,grew
211,29.7589382,-95.3676974,Houston,United States,2323660,2321960,0.0007,1700,grew
212,-3.1316333,-59.9825041,Manaus,Brazil,2302374,2260788,0.0184,41586,grew
213,10.9799669,-74.8013085,Barranquilla,Colombia,2299186,2272914,0.0116,26272,grew
214,10.6498095,-71.6443596,Maracaibo,Venezuela,2296118,2257999,0.0169,38119,grew
215,32.1525312,74.1933745,Gujranwala,Pakistan,2290461,2229220,0.0275,61241,grew
216,33.5914237,73.0535122,Rawalpindi,Pakistan,2280733,2236905,0.0196,43828,grew
217,34.0123846,71.5787458,Peshawar,Pakistan,2272812,2202946,0.0317,69866,grew
218,24.9929995,121.3010003,Taoyuan,Taiwan,2271507,2245162,0.0117,26345,grew
219,27.1752554,78.0098161,Agra,India,2261561,2210246,0.0232,51315,grew
220,40.8337963,111.6730788,Hohhot,China,2239344,2163394,0.0351,75950,grew
221,40.6549157,109.8344586,Baotou,China,2238823,2190495,0.0221,48328,grew
223,11.8762254,75.3738043,Kannur,India,2226693,2166906,0.0276,59787,grew
224,24.3284746,109.4239676,Liuzhou,China,2226508,2165257,0.0283,61251,grew
225,17.7231276,83.3012842,Visakhapatnam,India,2225906,2174968,0.0234,50938,grew
226,34.2066591,117.278286,Xuzhou,China,2193219,2145970,0.022,47249,grew
227,35.8713,128.6018,Daegu,South Korea,2190571,2198962,-0.0038,8391,declined
228,40.8359336,14.2487826,Naples,Italy,2182885,2186853,-0.0018,3968,declined
229,31.9515694,35.9239625,Amman,Jordan,2182151,2148293,0.0158,33858,grew
230,32.5010188,-116.964662,Tijuana,Mexico,2181104,2140398,0.019,40706,grew
231,32.6707877,51.6650002,Esfahan,Iran,2176927,2132037,0.0211,44890,grew
232,11.568271,104.9224426,Phnom Penh,Cambodia,2143591,2077757,0.0317,65834,grew
233,23.135305,-82.3589631,Havana,Cuba,2142866,2140423,0.0011,2443,grew
234,20.0112475,73.7902364,Nashik,India,2123018,2065728,0.0277,57290,grew
235,-3.1559361,-59.2794889,Grande Vitoria,Brazil,2109869,2075857,0.0164,34012,grew
236,16.5087586,80.6185102,Vijayawada,India,2104113,2039845,0.0315,64268,grew
237,50.8465573,4.351697,Brussels,Belgium,2095688,2080788,0.0072,14900,grew
238,21.420847,39.826869,Mecca,Saudi Arabia,2078766,2042106,0.018,36660,grew
239,34.3916058,132.4518156,Hiroshima,Japan,2077569,2083223,-0.0027,5654,declined
240,-31.9527121,115.8604796,Perth,Australia,2067333,2041959,0.0124,25374,grew
241,30.1979793,71.4724978,Multan,Pakistan,2059534,2015091,0.0221,44443,grew
242,32.3969935,119.4077008,Yangzhou,China,2039472,1992773,0.0234,46699,grew
243,53.9024716,27.5618225,Minsk,Belarus,2038822,2028104,0.0053,10718,grew
244,40.1827657,29.0677305,Bursa,Turkey,2021116,1986268,0.0175,34848,grew
245,38.8579735,115.490696,Baoding,China,2019960,1975790,0.0224,44170,grew
246,36.19924,37.1637253,Aleppo,Syria,2003671,1916781,0.0453,86890,grew
247,25.4557366,119.0029034,Putian,China,2002884,1907350,0.0501,95534,grew
248,28.6581723,121.4163876,Taizhou Zhejiang,China,1992626,1934847,0.0299,57779,grew
249,9.5170602,-13.6998434,Conakry,Guinea,1991134,1938272,0.0273,52862,grew
250,37.1767104,116.8507744,Linyi Shandong,China,1984133,1936908,0.0244,47225,grew
251,31.3536127,118.4277477,Wuhu Anhui,China,1960681,1870281,0.0483,90400,grew
252,48.2083537,16.3725042,Vienna,Austria,1944910,1929944,0.0078,14966,grew
253,8.8879509,76.5955013,Kollam,India,1940571,1851558,0.0481,89013,grew
254,39.4697065,-0.3763353,Valencia,Venezuela,1934891,1910188,0.0129,24703,grew
255,22.3053263,70.8028377,Rajkot,India,1933522,1878032,0.0295,55490,grew
256,20.0462328,110.1956502,Haikou,China,1931705,1889071,0.0226,42634,grew
257,43.2363924,76.9457275,Almaty,Kazakhstan,1927623,1895742,0.0168,31881,grew
258,-24.0443878,-46.7040929,Baixada Santista,Brazil,1911338,1892314,0.0101,19024,grew
259,33.3495657,120.1576778,Yancheng Jiangsu,China,1907903,1864424,0.0233,43479,grew
260,46.5969028,125.1014811,Daqing,China,1907293,1859001,0.026,48292,grew
261,34.022405,-6.834543,Rabat,Morocco,1907071,1884802,0.0118,22269,grew
262,53.7414271,-1.7202004,West Yorkshire,United Kingdom,1901947,1889095,0.0068,12852,grew
263,-6.9903988,110.4229104,Semarang,Indonesia,1901570,1866492,0.0188,35078,grew
264,-0.2201641,-78.5123274,Quito,Ecuador,1900571,1873763,0.0143,26808,grew
265,8.9714493,-79.5341802,Panama City,Panama,1899081,1860291,0.0209,38790,grew
266,17.360589,78.4740613,Hyderabad,Pakistan,1886734,1849829,0.02,36905,grew
267,30.9090157,75.851601,Ludhiana,India,1885456,1856849,0.0154,28607,grew
268,-16.4955455,-68.1336229,La Paz,Bolivia,1881796,1857797,0.0129,23999,grew
269,34.5978596,119.215813,Lianyungang,China,1877847,1820127,0.0317,57720,grew
270,6.130419,1.215829,Lome,Togo,1874394,1827878,0.0254,46516,grew
271,7.0645451,125.6084371,Davao City,Philippines,1866401,1825450,0.0224,40951,grew
272,26.0962497,-99.2763436,Leon de los Aldamas,Mexico,1848932,1825080,0.0131,23852,grew
273,22.273734,113.5721327,Zhuhai,China,1803711,1759378,0.0252,44333,grew
274,45.0677551,7.6824892,Turin,Italy,1795235,1792163,0.0017,3072,grew
275,44.4361414,26.1027202,Bucharest,Romania,1794248,1803247,-0.005,8999,declined
276,36.9863599,35.3252861,Adana,Turkey,1792565,1770850,0.0123,21715,grew
277,52.2319581,21.0067249,Warsaw,Poland,1789620,1783251,0.0036,6369,grew
278,53.550341,10.000654,Hamburg,Germany,1788995,1789954,-0.0005,959,declined
279,40.0919817,113.2951122,Datong,China,1788913,1745333,0.025,43580,grew
280,6.3330586,5.6221058,Benin City,Nigeria,1781999,1727169,0.0317,54830,grew
281,47.4979937,19.0403594,Budapest,Hungary,1771865,1768073,0.0021,3792,grew
282,9.9261153,78.1140983,Madurai,India,1765534,1734173,0.0181,31361,grew
283,-34.9058916,-56.1913095,Montevideo,Uruguay,1759906,1752388,0.0043,7518,grew
284,24.8755492,118.6723605,Quanzhou,China,1755721,1694076,0.0364,61645,grew
285,-2.9888297,104.756857,Palembang,Indonesia,1753269,1722700,0.0177,30569,grew
286,-17.78629,-63.18117,Santa Cruz,Bolivia,1748540,1712688,0.0209,35852,grew
287,-25.966917,32.466956,Matola,Mozambique,1748247,1705886,0.0248,42361,grew
288,37.0628317,37.3792617,Gaziantep,Turkey,1739687,1704118,0.0209,35569,grew
289,25.3461498,55.4210633,Sharjah,United Arab Emirates,1736799,1684649,0.031,52150,grew
290,33.4484367,-112.0741417,Phoenix,United States,1733630,1707310,0.0154,26320,grew
291,45.7578137,4.8320114,Lyon,France,1733581,1719268,0.0083,14313,grew
292,29.0006525,77.7682288,Meerut,India,1728435,1696440,0.0189,31995,grew
293,22.5816619,113.0761073,Jiangmen,China,1713021,1687310,0.0152,25711,grew
294,10.0451859,105.7448944,Can Tho,Vietnam,1703487,1617602,0.0531,85885,grew
295,21.2379469,81.6336833,Raipur,India,1702048,1642169,0.0365,59879,grew
296,25.3356491,83.0076292,Varanasi,India,1692509,1664942,0.0166,27567,grew
297,32.010998,112.1163785,Xiangyang,China,1684991,1657726,0.0164,27265,grew
298,36.343694,43.0997156,Mosul,Iraq,1683029,1629932,0.0326,53097,grew
299,55.8609825,-4.2488787,Glasgow,United Kingdom,1680669,1673332,0.0044,7337,grew
300,55.0282171,82.9234509,Novosibirsk,Russia,1675866,1663748,0.0073,12118,grew
301,29.6060218,52.5378041,Shiraz,Iran,1675226,1651362,0.0145,23864,grew
302,25.54275967,-103.4068701,La Laguna,Mexico,1674258,1614854,0.0368,59404,grew
303,30.1708675,121.261786,Cixi,China,1672457,1609221,0.0393,63236,grew
304,59.3251172,18.0710935,Stockholm,Sweden,1656571,1632798,0.0146,23773,grew
305,41.1075276,122.9902689,Anshan,China,1647001,1629166,0.0109,17835,grew
306,-36.852095,174.7631803,Auckland,New Zealand,1630092,1606564,0.0146,23528,grew
307,22.8015194,86.2029579,Jamshedpur,India,1629621,1599434,0.0189,30187,grew
308,38.0739964,46.2961952,Tabriz,Iran,1627304,1611133,0.01,16171,grew
309,38.4852037,106.2261926,Yinchuan,China,1626584,1579049,0.0301,47535,grew
310,42.9995032,125.9816054,Jilin,China,1623240,1603332,0.0124,19908,grew
311,34.0747444,74.8204443,Srinagar,India,1622454,1585774,0.0231,36680,grew
312,1.1061034,104.0378246,Batam,Indonesia,1617168,1546064,0.046,71104,grew
313,47.9490993,107.0222591,Ulaanbaatar,Mongolia,1615094,1584358,0.0194,30736,grew
314,43.2961743,5.3699525,Marseille,France,1613797,1608236,0.0035,5561,grew
315,-5.1342962,119.4124282,Makassar,Indonesia,1612249,1583553,0.0181,28696,grew
316,30.694088,111.2803074,Yichang,China,1605526,1548423,0.0369,57103,grew
317,19.877263,75.3390241,Aurangabad,India,1599927,1558412,0.0266,41515,grew
318,23.5882019,58.3829448,Muscat,Oman,1589865,1549729,0.0259,40136,grew
319,39.9395724,119.5894129,Qinhuangdao,China,1585961,1535223,0.033,50738,grew
320,39.9527237,-75.1635262,Philadelphia,United States,1585010,1584540,0.0003,470,grew
321,-31.4173391,-64.183319,Cordoba,Argentina,1584599,1571944,0.0081,12655,grew
322,47.3523672,123.9164653,Qiqihaer,China,1583663,1559581,0.0154,24082,grew
323,36.617331,101.7761976,Xining,China,1583164,1539437,0.0284,43727,grew
324,35.8224892,50.9904681,Karaj,Iran,1582351,1580413,0.0012,1938,grew
325,29.4246002,-98.4951405,San Antonio,United States,1581730,1564490,0.011,17240,grew
326,51.0460954,-114.065465,Calgary,Canada,1580659,1547484,0.0214,33175,grew
327,27.0782342,112.3356329,Hengyang,China,1573731,1527107,0.0305,46624,grew
328,36.3496,127.3848,Daejon,South Korea,1569459,1565656,0.0024,3803,grew
329,6.328034,-10.797788,Monrovia,Liberia,1569013,1517235,0.0341,51778,grew
330,11.1017815,77.345192,Tiruppur,India,1558993,1496389,0.0418,62604,grew
331,-32.9595004,-60.6615415,Rosario,Argentina,1553530,1532128,0.014,21402,grew
332,48.1371079,11.5753822,Munich,Germany,1553373,1538302,0.0098,15071,grew
333,22.6203348,120.3120375,Gaoxiong,Taiwan,1541861,1537640,0.0027,4221,grew
334,-17.831773,31.045686,Harare,Zimbabwe,1541824,1529920,0.0078,11904,grew
335,31.7097961,-106.455581,Ciudad Juarez,Mexico,1539758,1519214,0.0135,20544,grew
336,36.1023552,114.33633,Anyang,China,1524622,1460114,0.0442,64508,grew
337,-5.8951725,22.408589,Kananga,DR Congo,1524234,1458400,0.0451,65834,grew
338,35.1595775,126.8515089,Gwangju,South Korea,1523822,1521506,0.0015,2316,grew
339,33.9646533,118.2697192,Suqian,China,1520240,1440060,0.0557,80180,grew
340,35.4125047,116.5849266,Jining Shandong,China,1518329,1494249,0.0161,24080,grew
341,24.471153,39.6111216,Medina,Saudi Arabia,1517501,1488782,0.0193,28719,grew
342,56.839104,60.60825,Yekaterinburg,Russia,1513142,1503812,0.0062,9330,grew
343,24.4538352,54.3774014,Abu Dhabi,United Arab Emirates,1511768,1482816,0.0195,28952,grew
344,26.2967719,73.0351433,Jodhpur,India,1509826,1471900,0.0258,37926,grew
345,-28.500238,-53.586696,Grande Sao Luis,Brazil,1498475,1485763,0.0086,12712,grew
346,53.535411,-113.507996,Edmonton,Canada,1491076,1461182,0.0205,29894,grew
347,-5.805398,-35.2080905,Natal,Brazil,1485363,1456844,0.0196,28519,grew
348,14.1056861,-87.204676,Tegucigalpa,Honduras,1485300,1444085,0.0285,41215,grew
349,6.1461619,6.8019088,Onitsha,Nigeria,1482971,1414790,0.0482,68181,grew
350,11.72559,15.24422,N-Djamena,Chad,1476115,1422547,0.0377,53568,grew
351,23.3700354,85.3250132,Ranchi,India,1474748,1439195,0.0247,35553,grew
352,27.708317,85.3205817,Kathmandu,Nepal,1471867,1423515,0.034,48352,grew
353,23.1608938,79.9497702,Jabalpur,India,1471644,1449787,0.0151,21857,grew
354,21.9812746,96.082375,Mandalay,Myanmar,1469193,1437554,0.022,31639,grew
355,40.8228016,114.880567,Zhangjiakou,China,1468954,1434649,0.0239,34305,grew
356,32.5866826,117.0130019,Huainan,China,1461918,1437838,0.0167,24080,grew
357,23.6871297,86.9746587,Asansol,India,1453747,1431260,0.0157,22487,grew
358,23.6566146,116.6205482,Chaozhou,China,1449830,1428383,0.015,21447,grew
359,25.1968256,76.0008933,Kota,India,1430870,1386877,0.0317,43993,grew
360,32.7174202,-117.1627728,San Diego,United States,1427720,1425780,0.0014,1940,grew
361,49.9923181,36.2310146,Kharkiv,Ukraine,1425987,1429004,-0.0021,3017,declined
362,37.3361905,-121.890583,San Jose,Costa Rica,1420533,1399629,0.0149,20904,grew
363,12.9546871,100.7746521,Chon Buri,Thailand,1417247,1398645,0.0133,18602,grew
364,25.4381302,81.8338005,Allahabad,India,1415463,1393723,0.0156,21740,grew
365,26.2037247,78.1573628,Gwalior,India,1409820,1378375,0.0228,31445,grew
366,45.4211435,-75.6900574,Ottawa,Canada,1407928,1393086,0.0107,14842,grew
367,47.3744489,8.5410422,Zurich,Switzerland,1407572,1395356,0.0088,12216,grew
368,44.8178131,20.4568974,Belgrade,Serbia,1401786,1397939,0.0028,3847,grew
369,31.6343083,74.8736788,Amritsar,India,1400311,1377371,0.0167,22940,grew
370,-7.1215981,-34.882028,Joao Pessoa,Brazil,1393345,1378249,0.011,15096,grew
371,29.3063535,120.0702682,Yiwu,China,1386791,1334356,0.0393,52435,grew
372,30.4952371,47.8090981,Basra,Iraq,1381731,1352210,0.0218,29521,grew
373,32.4585613,119.9181228,Taizhou Jiangsu,China,1381569,1348056,0.0249,33513,grew
374,18.0629628,-15.9629106,Nouakchott,Mauritania,1372244,1314636,0.0438,57608,grew
375,20.5927744,-100.3902245,Queretaro,Mexico,1364446,1339103,0.0189,25343,grew
376,36.2002968,117.0809316,Taian Shandong,China,1364154,1338828,0.0189,25326,grew
377,34.7333334,36.7166667,Homs,Syria,1362480,1335804,0.02,26676,grew
378,55.6867243,12.5700724,Copenhagen,Denmark,1358608,1346485,0.009,12123,grew
379,37.8768277,32.4874202,Konya,Turkey,1356280,1328136,0.0212,28144,grew
380,7.1114611,-73.1172869,Bucaramanga,Colombia,1348882,1331453,0.0131,17429,grew
381,23.7952809,86.4309638,Dhanbad,India,1348238,1331186,0.0128,17052,grew
382,37.5120997,122.1152599,Weihai,China,1347865,1304315,0.0334,43550,grew
383,32.7762719,-96.7968559,Dallas,United States,1347120,1345340,0.0013,1780,grew
384,25.8332103,114.9287362,Ganzhou,China,1347065,1285039,0.0483,62026,grew
385,-34.9281805,138.5999312,Adelaide,Australia,1345445,1336403,0.0068,9042,grew
386,20.858864,106.6749591,Hai Phong,Vietnam,1341015,1300088,0.0315,40927,grew
387,-4.05052,39.667169,Mombasa,Kenya,1340913,1295975,0.0347,44938,grew
388,24.163162,120.6478282,Taizhong,Taiwan,1338086,1320591,0.0132,17495,grew
389,-9.6476843,-35.7339264,Maceio,Brazil,1336999,1323039,0.0106,13960,grew
390,-17.4012458,-66.1675737,Cochabamba,Bolivia,1336752,1303907,0.0252,32845,grew
391,13.524834,2.109823,Niamey,Niger,1335700,1291848,0.0339,43852,grew
392,37.266667,127.016667,Suwon,South Korea,1331826,1311321,0.0156,20505,grew
393,13.6531651,100.8182578,Samut Prakan,Thailand,1324319,1306937,0.0133,17382,grew
394,48.4433253,5.1377537,Joinville,Brazil,1319042,1303141,0.0122,15901,grew
395,30.7474425,120.7510971,Jiaxing,China,1318418,1259844,0.0465,58574,grew
396,34.7961106,114.3472038,Kaifeng,China,1317530,1274287,0.0339,43243,grew
397,60.1674881,24.9427473,Helsinki,Finland,1316757,1304851,0.0091,11906,grew
398,41.1494512,-8.6107884,Porto,Portugal,1316445,1312947,0.0027,3498,grew
399,21.2737079,110.3548318,Zhanjiang,China,1315369,1286854,0.0222,28515,grew
400,27.7237996,106.9191408,Zunyi,China,1313433,1280960,0.0254,32473,grew
401,35.4150703,119.5214512,Rizhao,China,1312824,1270948,0.0329,41876,grew
402,0.5184021,25.2057292,Kisangani,DR Congo,1312353,1261310,0.0405,51043,grew
403,50.0874654,14.4212535,Prague,Czech Republic,1312199,1305737,0.0049,6462,grew
404,37.4334738,118.6689349,Dongying,China,1311494,1276028,0.0278,35466,grew
405,34.6423117,50.8800969,Qom,Iran,1311172,1287937,0.018,23235,grew
406,31.4627341,104.7463432,Mianyang Sichuan,China,1300725,1275851,0.0195,24874,grew
407,30.792362,106.0826662,Nanchong,China,1299462,1257726,0.0332,41736,grew
408,41.8692972,123.924157,Fushun Liaoning,China,1288357,1285387,0.0023,2970,grew
409,36.9009641,30.6954846,Antalya,Turkey,1287439,1253872,0.0268,33567,grew
410,28.457876,79.4055709,Bareilly,India,1285964,1255287,0.0244,30677,grew
411,42.6978634,23.3221789,Sofia,Bulgaria,1284311,1280968,0.0026,3343,grew
412,32.6314877,110.792752,Shiyan,China,1280495,1241450,0.0315,39045,grew
413,55.7823547,49.1242266,Kazan,Russia,1279794,1272063,0.0061,7731,grew
414,26.4367824,50.1039991,Ad-Dammam,Saudi Arabia,1279092,1252523,0.0212,26569,grew
415,-33.9617051,25.6207519,Port Elizabeth,South Africa,1266533,1253742,0.0102,12791,grew
416,31.3229936,48.6793316,Ahvaz,Iran,1261042,1244250,0.0135,16792,grew
417,33.3705714,113.2720234,Liuan,China,1260817,1195907,0.0543,64910,grew
418,-27.5973002,-48.5496098,Florianopolis,Brazil,1259112,1239331,0.016,19781,grew
419,56.3264816,44.0051395,Nizhniy Novgorod,Russia,1255073,1257754,-0.0021,2681,declined
420,-4.7975373,11.8503297,Pointe-Noire,Republic of the Congo,1253939,1214281,0.0327,39658,grew
421,40.6747155,122.2357736,Yingkou,China,1251867,1214047,0.0312,37820,grew
422,34.0346534,-5.0161926,Fes,Morocco,1245303,1224080,0.0173,21223,grew
423,27.8769897,78.1372903,Aligarh,India,1244591,1210554,0.0281,34037,grew
424,28.166416,113.6375778,Liuyang,China,1242055,1169044,0.0625,73011,grew
425,53.3497645,-6.2602732,Dublin,Ireland,1241953,1228179,0.0112,13774,grew
426,21.6656961,110.9209511,Maoming,China,1238809,1204716,0.0283,34093,grew
427,35.777103,-5.803792,Tanger,Morocco,1238322,1197923,0.0337,40399,grew
428,5.6394753,100.4815031,Pekan Baru,Indonesia,1238274,1204883,0.0277,33391,grew
429,35.113997,117.1599113,Tengzhou,China,1236764,1189963,0.0393,46801,grew
430,8.479004,-13.26795,Freetown,Sierra Leone,1236425,1201900,0.0287,34525,grew
431,22.5000001,-100.4949145,San Luis Potosi,Mexico,1235426,1216564,0.0155,18862,grew
432,12.3051828,76.6553609,Mysore,India,1234992,1209836,0.0208,25156,grew
433,55.1598408,61.4025547,Chelyabinsk,Russia,1232887,1227795,0.0041,5092,grew
434,28.8638424,78.8057783,Moradabad,India,1232190,1197000,0.0294,35190,grew
435,10.0740372,-69.3215667,Barquisimeto,Venezuela,1227444,1214362,0.0108,13082,grew
436,21.19,81.28,Durg-Bhilai,India,1225129,1207637,0.0145,17492,grew
437,31.3016935,120.5810725,Suzhou,China,1219579,1169932,0.0424,49647,grew
438,10.2375144,-67.5890216,Maracay,Venezuela,1216288,1203227,0.0109,13061,grew
439,51.1282205,71.4306682,Astana,Kazakhstan,1211789,1165983,0.0393,45806,grew
440,27.4989086,113.1529127,Zhuzhou,China,1209032,1186912,0.0186,22120,grew
441,27.7809047,120.6512652,Ruian,China,1208306,1168983,0.0336,39323,grew
442,5.0322447,7.924791,Uyo,Nigeria,1199929,1135775,0.0565,64154,grew
443,32.1901111,119.4200584,Zhenjiang Jiangsu,China,1199515,1173816,0.0219,25699,grew
444,34.3645811,107.2332184,Baoji,China,1197824,1164665,0.0285,33159,grew
445,23.5528679,116.3680847,Jieyang,China,1194681,1146758,0.0418,47923,grew
446,42.2799929,118.9426131,Chifeng,China,1194621,1164793,0.0256,29828,grew
447,20.2667774,85.8435592,Bhubaneswar,India,1194431,1162886,0.0271,31545,grew
448,33.7374744,113.2981436,Pingdingshan Henan,China,1193224,1159981,0.0287,33243,grew
449,23.3000046,116.1611114,Puning,China,1192348,1160045,0.0278,32303,grew
450,-34.787093,-68.4381868,Mendoza,Argentina,1191470,1172619,0.0161,18851,grew
451,-6.5962986,106.7972421,Bogor,Indonesia,1183090,1159719,0.0202,23371,grew
452,18.7882778,98.9858802,Chiang Mai,Thailand,1182498,1166978,0.0133,15520,grew
453,-2.5196915,32.9014417,Mwanza,Tanzania,1182011,1120430,0.055,61581,grew
454,10.804973,78.6870296,Tiruchirappalli,India,1181912,1164668,0.0148,17244,grew
455,54.991375,73.371529,Omsk,Russia,1181590,1182339,-0.0006,749,declined
456,38.9174665,-6.3443977,Merida,Mexico,1181387,1161475,0.0171,19912,grew
457,41.297577,123.7646562,Benxi,China,1176490,1157413,0.0165,19077,grew
458,33.9566098,116.7928916,Huaibei,China,1174248,1141734,0.0285,32514,grew
459,-13.9875107,33.768144,Lilongwe,Malawi,1170870,1121720,0.0438,49150,grew
460,33.0010496,112.5292693,Nanyang Henan,China,1170491,1142799,0.0242,27692,grew
461,29.1080344,119.6486487,Jinhua,China,1170332,1122440,0.0427,47892,grew
462,27.8328352,112.9388078,Xiangtan Hunan,China,1170327,1142976,0.0239,27351,grew
463,-1.950851,30.061507,Kigali,Rwanda,1169889,1132101,0.0334,37788,grew
464,32.896672,13.1777923,Tripoli,Libya,1169790,1165085,0.004,4705,grew
465,30.7334421,76.7797143,Chandigarh,India,1169244,1148472,0.0181,20772,grew
466,41.108528,121.1194219,Jinzhou,China,1168535,1145359,0.0202,23176,grew
467,33.6938118,73.0651511,Islamabad,Pakistan,1163584,1129198,0.0305,34386,grew
468,53.198627,50.113987,Samara,Russia,1160167,1163296,-0.0027,3129,declined
469,52.3727598,4.8936041,Amsterdam,Netherlands,1157519,1148972,0.0074,8547,grew
470,16.068,108.212,Da Nang,Vietnam,1156585,1125316,0.0278,31269,grew
471,32.8191218,34.9983856,Haifa,Israel,1155006,1147431,0.0066,7575,grew
472,25.2383172,110.1752245,Guilin,China,1154702,1134393,0.0179,20309,grew
473,63.3233807,97.0979974,Krasnoyarsk,Russia,1148957,1137494,0.0101,11463,grew
474,32.6248622,-115.448325,Mexicali,Mexico,1140298,1120872,0.0173,19426,grew
475,54.7261409,55.947499,Ufa,Russia,1139561,1136291,0.0029,3270,grew
476,47.2213858,39.7114196,Rostov-on-Don,Russia,1137147,1136201,0.0008,946,grew
477,15.3518378,75.1379848,Hubli-Dharwad,India,1136923,1116728,0.0181,20195,grew
478,26.1805978,91.753943,Guwahati,India,1135065,1116740,0.0164,18325,grew
479,10.3825318,7.8533226,Kaduna,Nigeria,1133430,1113210,0.0182,20220,grew
480,-2.5103908,28.8336436,Bukavu,DR Congo,1133371,1078002,0.0514,55369,grew
481,26.5963778,104.8279652,Liupanshui,China,1131854,1077317,0.0506,54537,grew
482,30.1957677,67.0172447,Quetta,Pakistan,1129361,1099546,0.0271,29815,grew
483,50.938361,6.959974,Cologne,Germany,1128652,1118789,0.0088,9863,grew
484,22.0000001,-102.5000001,Aguascalientes,Mexico,1124909,1106453,0.0167,18456,grew
485,37.3821206,117.9647262,Binzhou,China,1124728,1083867,0.0377,40861,grew
486,44.9391565,-123.033121,Salem,India,1123873,1102463,0.0194,21410,grew
487,6.4153695,2.3062284,Abomey-Calavi,Benin,1122713,1056440,0.0627,66273,grew
488,-25.966213,32.56745,Maputo,Mozambique,1121697,1110477,0.0101,11220,grew
489,-5.4460713,105.2643742,Bandar Lampung,Indonesia,1114740,1091512,0.0213,23228,grew
490,5.112735,7.364349,Aba,Nigeria,1114388,1081466,0.0304,32922,grew
491,34.3402702,118.0068173,Pizhou,China,1114385,1063231,0.0481,51154,grew
492,6.019531,6.917181,Nnewi,Nigeria,1113546,1050860,0.0597,62686,grew
493,-7.3262484,108.2201154,Tasikmalaya,Indonesia,1112112,1056485,0.0527,55627,grew
494,13.6989939,-89.1914249,San Salvador,El Salvador,1107305,1105766,0.0014,1539,grew
495,37.2405741,127.1785572,Yongin,South Korea,1103265,1083345,0.0184,19920,grew
496,34.8113006,117.3178278,Zaozhuang,China,1101823,1087745,0.0129,14078,grew
497,35.3021133,113.9202062,Xinxiang,China,1100407,1081031,0.0179,19376,grew
498,28.1154378,120.9833927,Yueqing,China,1098931,1060702,0.036,38229,grew
499,33.5720554,114.0285163,Luohe,China,1096233,1039941,0.0541,56292,grew
500,29.9880774,77.5081299,Saharanpur,India,1094581,1054102,0.0384,40479,grew
501,42.3337389,69.5169406,Shimkent,Kazakhstan,1093289,1057936,0.0334,35353,grew
502,18.9218274,-99.2342282,Cuernavaca,Mexico,1091173,1075022,0.015,16151,grew
503,40.1776245,44.5126174,Yerevan,Armenia,1089181,1086275,0.0027,2906,grew
504,37.6581862,126.8319452,Goyang,South Korea,1082815,1069196,0.0127,13619,grew
505,41.6934591,44.8014495,Tbilisi,Georgia,1078846,1077833,0.0009,1013,grew
506,28.5000001,-106.0000001,Chihuahua,Mexico,1075861,1054766,0.02,21095,grew
507,41.1169056,122.0655098,Panjin,China,1075647,1053125,0.0214,22522,grew
508,58.5951603,56.3159546,Perm,Russia,1075424,1071419,0.0037,4005,grew
509,-3.3638125,29.3675028,Bujumbura,Burundi,1074642,1012996,0.0609,61646,grew
510,31.2920107,75.5680577,Jalandhar,India,1074383,1053670,0.0197,20713,grew
511,12.1459907,-86.2746665,Managua,Nicaragua,1072852,1063698,0.0086,9154,grew
512,51.6605982,39.2005858,Voronezh,Russia,1072807,1067719,0.0048,5088,grew
513,10.4195841,-75.5271224,Cartagena,Colombia,1070692,1062622,0.0076,8070,grew
514,28.3754144,121.3812013,Wenling,China,1069840,1037164,0.0315,32676,grew
515,50.6365654,3.0635282,Lille,France,1068051,1063085,0.0047,4966,grew
516,32.8926763,115.8090001,Fuyang,China,1065192,1036162,0.028,29030,grew
517,42.8765615,74.6070079,Bishkek,Kyrgyzstan,1060113,1038429,0.0209,21684,grew
518,37.9162222,40.2363542,Diyarbakir,Turkey,1059686,1039492,0.0194,20194,grew
519,31.8689322,106.7416618,Bazhong,China,1057600,991820,0.0663,65780,grew
520,26.7164127,88.4309916,Siliguri,India,1056551,1020303,0.0355,36248,grew
521,59.9133301,10.7389701,Oslo,Norway,1056180,1041377,0.0142,14803,grew
522,28.4582821,117.9381305,Shangrao,China,1055178,1028518,0.0259,26660,grew
523,35.227956,128.6818586,Changwon,South Korea,1054775,1055974,-0.0011,1199,declined
524,30.3375134,112.2337792,Jingzhou Hubei,China,1054743,1038296,0.0158,16447,grew
525,31.6866105,118.5048377,Ma'anshan,China,1051771,1019389,0.0318,32382,grew
526,23.0496201,112.4593053,Zhaoqing,China,1050908,1023777,0.0265,27131,grew
527,51.2211097,4.3997081,Antwerp,Belgium,1047613,1042471,0.0049,5142,grew
528,34.3789744,46.7010122,Kermanshah,Iran,1046604,1025740,0.0203,20864,grew
529,39.0480479,115.9075331,Xiongan,China,1045719,969535,0.0786,76184,grew
530,10.9560264,106.8529805,Bien Hoa,Vietnam,1045708,1013064,0.0322,32644,grew
531,1.4728119,103.7642651,Johor Bahru,Malaysia,1044548,1023900,0.0202,20648,grew
532,17.8499067,75.2763203,Solapur,India,1041886,1031037,0.0105,10849,grew
533,-0.5017804,117.1393089,Samarinda,Indonesia,1041183,1010413,0.0305,30770,grew
534,43.6044622,1.4442469,Toulouse,France,1037115,1024166,0.0126,12949,grew
535,36.8117583,34.6292679,Mersin,Turkey,1034693,1016019,0.0184,18674,grew
536,9.561733,44.061803,Hargeysa,Somalia,1033205,988716,0.045,44489,grew
537,-5.0896403,-42.809588,Teresina,Brazil,1031220,1021229,0.0098,9991,grew
538,35.4703415,44.395723,Kirkuk,Iraq,1031082,1012614,0.0182,18468,grew
539,27.9511188,116.3530413,Fuzhou Jiangxi,China,1028734,989880,0.0393,38854,grew
540,-10.9162061,-37.0774655,Aracaju,Brazil,1026529,1009380,0.017,17149,grew
541,11.1757783,-4.2957591,Bobo-Dioulasso,Burkina Faso,1022118,972124,0.0514,49994,grew
542,29.5851296,103.747791,Leshan,China,1022088,986923,0.0356,35165,grew
543,29.3594838,113.1229551,Yueyang,China,1021350,1009534,0.0117,11816,grew
544,37.4486676,116.305416,Dezhou,China,1019111,986192,0.0334,32919,grew
545,31.6267948,-8.0030243,Marrakech,Morocco,1017379,1002709,0.0146,14670,grew
546,22.2329889,-97.8614802,Tampico,Mexico,1016514,1001278,0.0152,15236,grew
547,30.8942995,120.0851114,Huzhou,China,1015538,988351,0.0275,27187,grew
548,51.9244424,4.47775,Rotterdam,Netherlands,1012007,1010026,0.002,1981,grew
549,12.789585,45.028504,Aden,Yemen,1011890,980455,0.0321,31435,grew
550,30.2711286,-97.7436995,Austin,United States,1011790,995347,0.0165,16443,grew
551,37.3361905,-121.890583,San Jose,United States,1009340,1015570,-0.0061,6230,declined
552,-8.6524973,115.2191175,Denpasar,Indonesia,1008709,986853,0.0221,21856,grew
553,46.4873195,30.7392776,Odesa,Ukraine,1008508,1009289,-0.0008,781,declined
554,25.7733598,113.0094337,Chenzhou,China,1004240,959881,0.0462,44359,grew
555,34.0457133,113.8225908,Xuchang,China,1001570,968135,0.0345,33435,grew
556,48.7081906,44.5153353,Volgograd,Russia,1000755,1004688,-0.0039,3933,declined
557,25.4230425,-100.9927509,Saltillo,Mexico,1000750,983784,0.0172,16966,grew
558,-26.8303703,-65.2038133,San Miguel de Tucuman,Argentina,999907,985656,0.0145,14251,grew
559,15.3389667,38.9326763,Asmara,Eritrea,998321,962985,0.0367,35336,grew
560,-0.9247587,100.3632561,Padang,Indonesia,997358,980455,0.0172,16903,grew
561,10.2931062,123.9020773,Cebu City,Philippines,993744,980070,0.014,13674,grew
562,16.8680495,-99.8940182,Acapulco de Juarez,Mexico,992205,979381,0.0131,12824,grew
563,-33.0458456,-71.6196749,Valparaiso,Chile,992183,983751,0.0086,8432,grew
564,4.927456,-1.7490216,Sekondi Takoradi,Ghana,990661,945519,0.0477,45142,grew
565,6.6191233,3.5041271,Ikorodu,Nigeria,989117,937615,0.0549,51502,grew
566,38.6582232,35.5546374,Kayseri,Turkey,986987,973506,0.0138,13481,grew
567,17.9819448,79.5969982,Warangal,India,983128,959658,0.0245,23470,grew
568,31.6572954,120.7480757,Changshu,China,981654,938683,0.0458,42971,grew
569,44.841225,-0.5800364,Bordeaux,France,980130,968993,0.0115,11137,grew
570,6.8790221,100.5498542,Songkhla,Thailand,979453,966597,0.0133,12856,grew
571,25.4936418,103.7943084,Qujing,China,976171,942342,0.0359,33829,grew
572,13.8610918,100.3456772,Nonthaburi,Thailand,975497,962694,0.0133,12803,grew
573,27.81697,114.4112498,Yichun Jiangxi,China,975387,918051,0.0625,57336,grew
574,45.0352566,38.9764814,Krasnodar,Russia,974377,957214,0.0179,17163,grew
575,8.4963657,4.5480484,Ilorin,Nigeria,973671,949866,0.0251,23805,grew
576,21.1617854,-86.8510468,Cancun,Mexico,971798,943922,0.0295,27876,grew
577,-6.4230495,20.7887691,Tshikapa,DR Congo,970831,919192,0.0562,51639,grew
578,12.0505098,24.8795115,Nyala,Sudan,967430,922532,0.0487,44898,grew
579,35.9068588,117.76243,Xintai,China,966759,936382,0.0324,30377,grew
580,45.2928513,130.9619259,Jixi Heilongjiang,China,963278,949646,0.0144,13632,grew
581,-15.8241847,35.053104,Blantyre-Limbe,Malawi,962145,932263,0.0321,29882,grew
582,19.7027116,-101.1923818,Morelia,Mexico,961834,948793,0.0137,13041,grew
583,27.6603206,113.8830806,Pingxiang Jiangxi,China,953042,928895,0.026,24147,grew
584,48.4680221,35.0417711,Dnipro,Ukraine,951821,957345,-0.0058,5524,declined
585,22.9372087,89.2852741,Khulna,Bangladesh,949229,953745,-0.0047,4516,declined
586,31.7788242,35.2257626,Jerusalem,Israel,944188,931756,0.0133,12432,grew
587,45.9893785,23.2575051,Cucuta,Colombia,943489,933380,0.0108,10109,grew
588,43.7009358,7.2683912,Nice,France,943342,942208,0.0012,1134,grew
589,30.3255646,78.0436813,Dehradun,India,943136,918946,0.0263,24190,grew
590,37.4201556,127.1262092,Seongnam,South Korea,942342,943768,-0.0015,1426,declined
591,32.753177,-97.3327459,Fort Worth,United States,942323,925954,0.0177,16369,grew
592,30.4211144,-9.5830626,Agadir,Morocco,941839,923552,0.0198,18287,grew
593,44.5498406,129.6259558,Mudanjiang,China,941660,925522,0.0174,16138,grew
594,23.3515642,58.7213422,Hamah,Syria,939904,921502,0.02,18402,grew
595,38.5762709,68.7863573,Dushanbe,Tajikistan,938444,915712,0.0248,22732,grew
596,23.3916357,110.074064,Guiping,China,937152,891158,0.0516,45994,grew
597,29.6653828,115.9474861,Jiujiang,China,936927,913212,0.026,23715,grew
598,50.9025349,-1.404189,Southampton,United Kingdom,935868,927916,0.0086,7952,grew
599,36.2030789,117.654083,Laiwu,China,934916,907839,0.0298,27077,grew
600,-16.3988667,-71.5369607,Arequipa,Peru,934845,922999,0.0128,11846,grew
601,8.3223763,-62.6896622,Ciudad Guayana,Venezuela,933968,917700,0.0177,16268,grew
602,6.9046909,122.076462,Zamboanga City,Philippines,930610,917477,0.0143,13133,grew
603,19.333333,-96.666667,Veracruz,Mexico,930387,918529,0.0129,11858,grew
604,30.3321838,-81.655651,Jacksonville,United States,929647,920577,0.0099,9070,grew
605,15.5062156,-88.0248937,San Pedro Sula,Honduras,929191,902751,0.0293,26440,grew
606,27.702973,115.49664,Zhucheng,China,926596,891494,0.0394,35102,grew
607,14.048667,100.5640405,Pathum Thani,Thailand,925893,913741,0.0133,12152,grew
608,24.4611511,88.6888703,Rajshahi,Bangladesh,924033,907732,0.018,16301,grew
609,40.957718,117.9543248,Chengde,China,920395,880494,0.0453,39901,grew
610,32.3745318,15.0904886,Misratah,Libya,918946,881319,0.0427,37627,grew
611,23.1144539,109.5946193,Guigang,China,917484,891173,0.0295,26311,grew
612,9.9175125,8.8979401,Jos,Nigeria,917289,895288,0.0246,22001,grew
613,26.0704018,-98.2963932,Reynosa,Mexico,917021,899084,0.02,17937,grew
614,32.9176422,117.3825673,Bengbu,China,915242,901773,0.0149,13469,grew
615,39.9622601,-83.0007065,Columbus,United States,913921,906237,0.0085,7684,grew
616,18.0018152,-92.9330401,Villahermosa,Mexico,913606,898461,0.0169,15145,grew
617,21.8603337,111.9776773,Yangjiang,China,912468,890013,0.0252,22455,grew
618,35.2272086,-80.8430827,Charlotte,United States,912096,898902,0.0147,13194,grew
619,35.5391697,129.3119136,Ulsan,South Korea,910778,910330,0.0005,448,grew
620,4.3907153,18.5509126,Bangui,Central African Republic,910270,889231,0.0237,21039,grew
621,35.7032751,-0.6492976,Oran,Algeria,910030,899182,0.0121,10848,grew
622,43.3545179,42.4311796,West Rand,South Africa,909301,897609,0.013,11692,grew
623,5.489736,7.0341973,Owerri,Nigeria,908109,872604,0.0407,35505,grew
624,-20.4640173,-54.6162947,Campo Grande,Brazil,907028,896864,0.0113,10164,grew
625,53.4071991,-2.99168,Liverpool,United Kingdom,906443,901708,0.0053,4735,grew
626,14.5870262,121.1758611,Antipolo,Philippines,902993,881018,0.0249,21975,grew
627,32.0010227,44.3299926,Najaf,Iraq,901405,873744,0.0317,27661,grew
628,24.5164639,117.6424895,Zhangzhou,China,900904,871690,0.0335,29214,grew
629,45.7566557,9.7542192,Bergamo,Italy,900094,892089,0.009,8005,grew
630,48.0158753,37.8013407,Donetsk,Ukraine,899325,905530,-0.0069,6205,declined
631,30.6635516,113.1616191,Tianmen,China,899094,869837,0.0336,29257,grew
632,5.517,5.75,Warri,Nigeria,898927,855941,0.0502,42986,grew
633,-23.3112878,-51.1595023,Londrina,Brazil,898681,885516,0.0149,13165,grew
634,26.40396,112.934066,Leiyang,China,896394,851071,0.0533,45323,grew
635,-7.9771206,112.6340291,Malang,Indonesia,896009,886620,0.0106,9389,grew
636,-34.9206797,-57.9537638,La Plata,Argentina,894159,884054,0.0114,10105,grew
637,-36.8270795,-73.0502399,Concepcion,Chile,891744,880722,0.0125,11022,grew
638,37.7364305,115.6677229,Hengshui,China,891603,856705,0.0407,34898,grew
639,36.0885338,111.512998,Linfen,China,891049,858103,0.0384,32946,grew
640,27.853572,114.8867147,Xinyu,China,890884,857567,0.0389,33317,grew
641,24.5910781,91.7177362,Sylhet,Bangladesh,890180,851808,0.045,38372,grew
642,40.128668,124.3863404,Dandong,China,890031,877258,0.0146,12773,grew
643,39.7683331,-86.1583502,Indianapolis,United States,887232,881808,0.0062,5424,grew
644,-14.966969,39.2707752,Nampula,Mozambique,887055,848096,0.0459,38959,grew
645,31.1244028,104.39013,Deyang,China,885818,857306,0.0333,28512,grew
646,29.0948207,-110.9692202,Hermosillo,Mexico,883916,867885,0.0185,16031,grew
647,37.7790262,-122.419906,San Francisco,United States,883255,882402,0.001,853,grew
648,39.4605657,-5.8816626,Trujillo,Peru,877875,864633,0.0153,13242,grew
649,13.4115414,43.5570871,Taiz,Yemen,875941,845154,0.0364,30787,grew
650,16.2915189,80.4541588,Guntur,India,875474,854488,0.0246,20986,grew
651,31.9092756,120.2630426,Jiangyin,China,874924,843292,0.0375,31632,grew
652,19.3625308,73.0784747,Bhiwandi,India,874032,859435,0.017,14597,grew
653,-14.9191779,13.4896316,Lubango,Angola,870935,828248,0.0515,42687,grew
654,41.273887,123.1693463,Liaoyang,China,870185,855663,0.017,14522,grew
655,29.394644,71.6638747,Bahawalpur,Pakistan,869548,844673,0.0294,24875,grew
656,36.1829336,113.0985394,Changzhi,China,868308,846365,0.0259,21943,grew
657,57.153534,65.542274,Tyumen,Russia,866741,843196,0.0279,23545,grew
658,-25.5263889,28.0994444,Soshanguve,South Africa,866005,853347,0.0148,12658,grew
659,16.753801,-93.115959,Tuxtla Gutierrez,Mexico,865000,847924,0.0201,17076,grew
660,37.9404648,58.3823487,Ashgabat,Turkmenistan,864695,846255,0.0218,18440,grew
661,36.1911624,44.0094652,Erbil,Iraq,861158,846374,0.0175,14784,grew
662,41.9316387,126.4200169,Baishan,China,859381,821967,0.0455,37414,grew
663,27.6500795,113.4923249,Liling,China,857167,812975,0.0544,44192,grew
664,22.9912348,120.184982,Tainan,Taiwan,856736,849996,0.0079,6740,grew
665,11.9340568,79.8306447,Puducherry,India,856354,836003,0.0243,20351,grew
666,24.7978965,-107.393395,Culiacan,Mexico,856072,839054,0.0203,17018,grew
667,29.034552,111.6928724,Changde,China,853497,830010,0.0283,23487,grew
668,42.0151733,121.6452868,Fuxin,China,850647,839189,0.0137,11458,grew
669,38.1112268,13.3524434,Palermo,Italy,850179,851146,-0.0011,967,declined
670,34.4168215,115.6507447,Shangqiu,China,850165,826598,0.0285,23567,grew
671,37.0616519,114.499746,Xingtai,China,849674,831175,0.0223,18499,grew
672,25.4100012,49.580833,Hufuf-Mubarraz,Saudi Arabia,848479,836727,0.014,11752,grew
673,27.1773663,78.389912,Firozabad,India,845746,821043,0.0301,24703,grew
674,0.390002,9.454001,Libreville,Gabon,845100,834204,0.0131,10896,grew
675,30.200255,115.0333466,Huangshi,China,844307,828324,0.0193,15983,grew
676,51.530018,46.034683,Saratov,Russia,840883,842680,-0.0021,1797,declined
677,31.9553965,35.8906094,Banghazi,Libya,836031,823974,0.0146,12057,grew
678,39.4697065,-0.3763353,Valencia,Spain,835341,833724,0.0019,1617,grew
679,28.8744722,105.4385063,Luzhou,China,833637,822996,0.0129,10641,grew
680,46.8137431,-71.2084061,Quebec City,Canada,831776,826109,0.0069,5667,grew
681,28.7701941,104.6289601,Yibin,China,831013,814166,0.0207,16847,grew
682,37.5014422,126.7660139,Bucheon,South Korea,829592,832093,-0.003,2501,declined
683,4.5986817,101.0900236,Ipoh,Malaysia,827719,813553,0.0174,14166,grew
684,49.8955367,-97.1384584,Winnipeg,Canada,824771,816593,0.01,8178,grew
685,24.8500662,89.3728431,Bogra,Bangladesh,820297,775034,0.0584,45263,grew
686,-5.056395,12.3211749,Cabinda,Angola,819452,777697,0.0537,41755,grew
687,5.5324032,7.4924165,Umuahia,Nigeria,816983,773822,0.0558,43161,grew
688,32.127372,114.0676596,Xinyang,China,816967,797369,0.0246,19598,grew
689,32.9139151,119.8476035,Xinghua,China,815780,791297,0.0309,24483,grew
690,54.9738474,-1.6131572,Newcastle upon Tyne,United Kingdom,813807,809481,0.0053,4326,grew
691,37.85862,113.5730276,Yangquan,China,813696,794262,0.0245,19434,grew
692,40.6403167,22.9352716,Thessaloniki,Greece,812964,812166,0.001,798,grew
693,26.423568,111.6081495,Yongzhou,China,809415,781940,0.0351,27475,grew
694,44.4938203,11.3426327,Bologna,Italy,808931,805986,0.0037,2945,grew
695,37.5493473,45.0682863,Orumiyeh,Iran,808149,793044,0.019,15105,grew
696,30.919414,113.9516901,Xiaogan,China,806258,783483,0.0291,22775,grew
697,35.2477266,115.4464761,Heze,China,804759,795246,0.012,9513,grew
698,10.1898503,-64.7087416,Barcelona-Puerto La Cruz,Venezuela,804488,793641,0.0137,10847,grew
699,11.8395375,13.1536214,Maiduguri,Nigeria,802988,786485,0.021,16503,grew
700,41.7238743,86.173541,Kuerle,China,801993,761329,0.0534,40664,grew
701,37.6452283,138.7669125,Niigata,Japan,801982,804298,-0.0029,2316,declined
702,39.7666813,30.5255947,Eskisehir,Turkey,801612,783669,0.0229,17943,grew
703,9.740204,76.3324672,Cherthala,India,801264,764135,0.0486,37129,grew
704,28.9268429,118.8759775,Quzhou,China,798191,757655,0.0535,40536,grew
705,29.7296617,120.1805427,Zhuji,China,796974,777536,0.025,19438,grew
706,-23.5003451,-47.4582864,Sorocaba,Brazil,795569,785997,0.0122,9572,grew
707,40.8515302,122.7475513,Haicheng,China,795424,783484,0.0152,11940,grew
708,6.5536094,7.4143061,Enugu,Nigeria,795271,772872,0.029,22399,grew
709,52.9534193,-1.1496461,Nottingham,United Kingdom,794008,787610,0.0081,6398,grew
710,34.5797531,105.7062921,Tianshui,China,790461,765372,0.0328,25089,grew
711,40.7515443,120.8404789,Huludao,China,790403,775322,0.0195,15081,grew
712,19.5408338,-96.9146374,Xalapa,Mexico,787349,775620,0.0151,11729,grew
713,28.0159286,73.3171367,Bikaner,India,786652,771878,0.0191,14774,grew
714,50.1106444,8.6820917,Frankfurt,Germany,784780,777156,0.0098,7624,grew
715,27.5611227,109.963365,Huaihua,China,784323,751803,0.0433,32520,grew
716,15.2241917,101.9313754,Nakhon Ratchasima,Thailand,783180,774022,0.0118,9158,grew
717,-26.6747222,27.9261111,Vereeniging,South Africa,779530,774031,0.0071,5499,grew
718,36.4441808,115.9642007,Liaocheng,China,778562,760885,0.0232,17677,grew
719,47.6038321,-122.3300624,Seattle,United States,776555,765115,0.015,11440,grew
720,35.2075729,113.2533977,Jiaozuo,China,775685,766770,0.0116,8915,grew
721,33.8579594,115.772453,Bozhou,China,773217,742150,0.0419,31067,grew
722,14.4493717,79.9873763,Nellore,India,772941,751034,0.0292,21907,grew
723,43.2560802,-79.8728583,Hamilton,Canada,770976,766688,0.0056,4288,grew
724,40.8006696,29.431767,Gebze,Turkey,769633,744674,0.0335,24959,grew
726,32.1738588,120.0466771,Taixing,China,769620,747588,0.0295,22032,grew
725,8.4756417,124.6421532,Cagayan de Oro City,Philippines,769620,753138,0.0219,16482,grew
727,50.0619474,19.9368564,Krakow,Poland,769307,768731,0.0007,576,grew
728,31.3869323,120.9764683,Kunshan,China,769021,737654,0.0425,31367,grew
729,24.8136095,113.5922116,Shaoguan,China,767557,761249,0.0083,6308,grew
730,26.6711433,83.3645724,Gorakhpur,India,766646,758214,0.0111,8432,grew
731,14.3270819,120.9370871,Dasmarinas,Philippines,765742,747208,0.0248,18534,grew
732,21.1545412,77.6442962,Amravati,India,764645,752189,0.0166,12456,grew
733,35.493783,112.8519862,Jincheng,China,763554,733879,0.0404,29675,grew
734,39.5128345,116.6997446,Langfang,China,763320,739632,0.032,23688,grew
735,43.6908432,0.7735233,Ansan,South Korea,762698,760764,0.0025,1934,grew
736,24.9304741,50.9776888,Ar-Rayyan,Qatar,759174,737903,0.0288,21271,grew
737,35.5574725,45.435202,Sulaimaniya,Iraq,758795,739182,0.0265,19613,grew
738,20.4686,85.8792,Cuttack,India,751859,742011,0.0133,9848,grew
739,31.263235,32.305505,Bur Sa'id,Egypt,750373,737000,0.0181,13373,grew
740,39.7392364,-104.9848623,Denver,United States,749103,738157,0.0148,10946,grew
741,30.079061,103.8458201,Meishan,China,748981,723267,0.0356,25714,grew
742,33.0115818,114.0164565,Zhumadian,China,747329,716002,0.0438,31327,grew
743,29.3419256,104.7761224,Zigong,China,746711,737291,0.0128,9420,grew
744,-12.9104657,14.0356608,Benguela,Angola,745372,715130,0.0423,30242,grew
745,36.3654065,119.8005385,Gaomi,China,745055,716261,0.0402,28794,grew
746,30.6592336,116.6302585,Anqing,China,744768,726950,0.0245,17818,grew
747,23.6832984,113.0505994,Qingyuan,China,744726,734856,0.0134,9870,grew
748,-3.3187496,114.5925828,Banjarmasin,Indonesia,744334,732005,0.0168,12329,grew
749,30.6751205,113.8323146,Hanchuan,China,743610,715218,0.0397,28392,grew
750,32.0109736,119.6012702,Danyang,China,743482,718649,0.0346,24833,grew
751,29.4480063,77.740685,Muzaffarnagar,India,742227,716748,0.0355,25479,grew
752,7.802355,6.7430327,Lokoja,Nigeria,741482,692050,0.0714,49432,grew
753,32.6450475,130.6341345,Kumamoto,Japan,741455,742612,-0.0016,1157,declined
754,9.6287383,76.6455326,Kottayam,India,739212,696061,0.062,43151,grew
755,15.8572666,74.5069343,Belgaum,India,738074,724747,0.0184,13327,grew
756,32.0668425,36.0885771,Zarqa,Jordan,737085,729220,0.0108,7865,grew
757,11.0248119,7.6518533,Zaria,Nigeria,736098,726172,0.0137,9926,grew
758,53.3806626,-1.4702278,Sheffield,United Kingdom,735292,730158,0.007,5134,grew
759,-6.0999443,39.3209443,Zanzibar,Tanzania,734832,705078,0.0422,29754,grew
760,31.5128679,34.4581358,Gaza,Palestine,734547,713621,0.0293,20926,grew
761,41.6521342,-0.8809428,Zaragoza,Spain,733825,730828,0.0041,2997,grew
762,28.8602058,121.1419179,Linhai,China,732334,708981,0.0329,23353,grew
763,47.8507859,35.1182867,Zaporizhzhya,Ukraine,731984,736167,-0.0057,4183,declined
764,20.5902502,74.5714979,Malegaon,India,731493,715605,0.0222,15888,grew
765,-23.1860383,-45.8866816,Sao Jose dos Campos,Brazil,731481,721795,0.0134,9686,grew
766,7.7791666,4.5538891,Oshogbo,Nigeria,730529,713677,0.0236,16852,grew
767,39.604,109.785,Ordos City,China,730229,706657,0.0334,23572,grew
768,26.958944,111.283087,Shaoyang,China,729522,713559,0.0224,15963,grew
769,9.172188,76.5008685,Kayamkulam,India,726675,694892,0.0457,31783,grew
770,46.8087794,130.3734556,Jiamusi,China,726622,715965,0.0149,10657,grew
771,12.8698101,74.8430082,Mangalore,India,724159,713357,0.0151,10802,grew
772,34.6553944,133.9194595,Okayama,Japan,724157,724696,-0.0007,539,declined
773,-21.178333,-47.8066671,Ribeirao Preto,Brazil,724044,714111,0.0139,9933,grew
774,34.3075655,108.7234362,Xianyang Shaanxi,China,723612,715007,0.012,8605,grew
775,1.5557893,30.2519376,Bunia,DR Congo,723276,679418,0.0646,43858,grew
776,49.841952,24.0315921,Lviv,Ukraine,722476,723758,-0.0018,1282,declined
777,37.2793607,49.5846102,Rasht,Iran,722026,712715,0.0131,9311,grew
778,36.4794705,119.2129818,Anqiu,China,721402,682299,0.0573,39103,grew
779,43.6428995,122.2558324,Tongliao,China,720662,702280,0.0262,18382,grew
780,36.6421169,127.4891742,Cheongju,South Korea,720584,717027,0.005,3557,grew
781,32.4935378,74.5411575,Sialkot,Pakistan,720439,705121,0.0217,15318,grew
782,9.7452286,-63.1799873,Maturin,Venezuela,717788,694716,0.0332,23072,grew
783,44.23052,-91.864325,Buffalo City,South Africa,717067,708559,0.012,8508,grew
784,26.5860102,101.7179276,Panzhihua,China,716878,707134,0.0138,9744,grew
785,30.5061493,105.574542,Suining Sichuan,China,716754,699679,0.0244,17075,grew
786,42.8888552,129.5008425,Yanji,China,716660,695165,0.0309,21495,grew
787,30.9474457,117.8057282,Tongling,China,715946,696639,0.0277,19307,grew
788,23.5715402,111.0139268,Wuzhou,China,715472,696630,0.027,18842,grew
789,17.0604663,-96.7253575,Oaxaca de Juarez,Mexico,714983,704559,0.0148,10424,grew
790,38.8950368,-77.0365427,Washington,United States,714153,709951,0.0059,4202,grew
791,32.0898005,72.6782574,Sargodha,Pakistan,712961,700095,0.0184,12866,grew
792,21.7718836,72.1416449,Bhavnagar,India,711625,700367,0.0161,11258,grew
793,-28.0023731,153.4145987,Gold Coast,Australia,710650,699226,0.0163,11424,grew
794,36.5853932,109.4828549,Yan'an,China,710029,678619,0.0463,31410,grew
795,-12.8104186,28.2068361,Kitwe,Zambia,709854,685908,0.0349,23946,grew
796,43.7698712,11.2555757,Florence,Italy,709064,708357,0.001,707,grew
797,32.7185614,74.8580917,Jammu,India,708612,702085,0.0093,6527,grew
798,38.2851657,109.7290619,Yulin Shaanxi,China,706571,695614,0.0158,10957,grew
799,19.169335,77.311013,Nanded Waghala,India,705667,689771,0.023,15896,grew
800,31.216036,107.5027564,Dazhou,China,705321,682342,0.0337,22979,grew
801,13.6316368,79.4231711,Tirupati,India,704615,679456,0.037,25159,grew
802,14.4589855,120.9398889,Bacoor,Philippines,704334,686398,0.0261,17936,grew
803,-9.535332,16.9364293,Malanje,Angola,704271,665150,0.0588,39121,grew
804,32.6880537,112.0818901,Dengzhou,China,703922,673626,0.045,30296,grew
805,52.0799838,4.3113461,The Hague,Netherlands,703588,697564,0.0086,6024,grew
806,25.0767425,117.0123483,Longyan,China,703524,691987,0.0167,11537,grew
807,35.027637,111.002141,Yuncheng,China,703194,675082,0.0416,28112,grew
808,37.3886303,-5.9953403,Seville,Spain,702386,703790,-0.002,1404,declined
809,6.3676953,2.4252507,Cotonou,Benin,698868,691949,0.01,6919,grew
810,32.8536216,120.3122464,Dongtai,China,698218,676996,0.0313,21222,grew
811,53.51495,49.407574,Tolyatti,Russia,696889,700252,-0.0048,3363,declined
812,-25.1076701,-64.3494964,Salta,Argentina,696715,684751,0.0175,11964,grew
813,42.222633,-7.9049545,Merca,Somalia,696510,666370,0.0452,30140,grew
814,48.8588897,2.320041,Bali,Indonesia,695940,682065,0.0203,13875,grew
815,30.0393082,121.1501449,Yuyao,China,695704,678841,0.0248,16863,grew
816,42.3602534,-71.0582912,Boston,United States,695506,694053,0.0021,1453,grew
817,-18.9188041,-48.2767837,Uberlandia,Brazil,695461,686896,0.0125,8565,grew
818,21.270278,40.415833,Taif,Saudi Arabia,694894,688693,0.009,6201,grew
819,30.9182867,111.9278808,Yuxi,China,693811,662863,0.0467,30948,grew
820,17.9640988,102.6133707,Vientiane,Laos,693594,682542,0.0162,11052,grew
821,51.4538022,-2.5972985,Bristol,United Kingdom,693552,686210,0.0107,7342,grew
822,-9.0478679,-70.5264976,Akure,Nigeria,690533,665524,0.0376,25009,grew
823,14.1419291,44.1389849,Ibb,Yemen,690456,648889,0.0641,41567,grew
824,20.5218445,-100.8139609,Celaya,Mexico,689735,680971,0.0129,8764,grew
825,14.7978677,42.9544872,Al-Hudaydah,Yemen,689640,668899,0.031,20741,grew
826,36.8150283,127.1140654,Cheonan,South Korea,688543,679802,0.0129,8741,grew
827,-23.1887668,-46.884506,Jundiai,Brazil,688192,678521,0.0143,9671,grew
828,17.166667,77.083333,Gulbarga,India,687882,673027,0.0221,14855,grew
829,-12.6076318,15.7411039,Huambo,Angola,687795,671413,0.0244,16382,grew
830,45.4077172,11.8734455,Padova,Italy,687698,683604,0.006,4094,grew
831,23.5350475,87.3380425,Durgapur,India,686568,675384,0.0166,11184,grew
832,15.8309251,78.0425373,Kurnool,India,685818,665186,0.031,20632,grew
833,31.7754152,-106.464634,El Paso,United States,685434,683581,0.0027,1853,grew
834,47.2186371,-1.5541362,Nantes,France,685377,677766,0.0112,7611,grew
835,26.331667,43.971667,Buraydah,Saudi Arabia,684626,668775,0.0237,15851,grew
836,45.8131847,15.9771774,Zagreb,Croatia,684524,684878,-0.0005,354,declined
837,31.8782976,120.5514595,Zhangjiagang,China,683500,656036,0.0419,27464,grew
838,-0.0226903,109.3447488,Pontianak,Indonesia,680655,667910,0.0191,12745,grew
839,44.6173543,27.314991,Amara,Iraq,680156,655663,0.0374,24493,grew
840,50.6451381,5.5734203,Liege,Belgium,679895,677589,0.0034,2306,grew
841,31.4590371,121.1264772,Taicang,China,679623,654441,0.0385,25182,grew
842,36.1622767,-86.7742984,Nashville,United States,678448,674634,0.0057,3814,grew
843,44.40726,8.9338624,Genoa,Italy,677222,679613,-0.0035,2391,declined
844,30.3925379,114.8898988,Ezhou,China,676600,668405,0.0123,8195,grew
845,9.8694792,-83.7980749,Santiago,Dominican Republic,672272,664575,0.0116,7697,grew
846,-37.9977225,-57.5482703,Mar Del Plata,Argentina,672116,665707,0.0096,6409,grew
847,9.4051992,-0.8423986,Tamale,Ghana,671812,641911,0.0466,29901,grew
848,33.6306299,114.6423617,Zhoukou,China,671419,650060,0.0329,21359,grew
849,51.7687323,19.4569911,Lodz,Poland,671395,676830,-0.008,5435,declined
850,-1.6665685,29.225652,Goma,DR Congo,670218,634197,0.0568,36021,grew
851,35.4729886,-97.5170536,Oklahoma City,United States,669347,662202,0.0108,7145,grew
852,35.5200185,35.7781044,Lattakia,Syria,668809,655714,0.02,13095,grew
853,36.1672559,-115.148516,Las Vegas,United States,667501,659410,0.0123,8091,grew
854,28.3251866,37.6328648,Tabuk,Saudi Arabia,667155,657277,0.015,9878,grew
855,32.7165184,108.9912989,Ankang,China,666656,636293,0.0477,30363,grew
856,6.112331,125.1717145,General Santos City,Philippines,665418,652723,0.0194,12695,grew
857,38.7063767,116.1062203,Renqiu,China,664262,640271,0.0375,23991,grew
858,42.3315509,-83.0466403,Detroit,United States,664139,667085,-0.0044,2946,declined
859,26.2235041,50.5822436,Manama,Bahrain,663893,634508,0.0463,29385,grew
860,27.6995215,111.9890658,Loudi,China,663765,639167,0.0385,24598,grew
861,35.8242715,127.1480657,Jeonju,South Korea,663607,663145,0.0007,462,grew
862,27.2858633,105.2865997,Bijie,China,662697,637795,0.039,24902,grew
863,45.5202471,-122.6741949,Portland,United States,662549,658645,0.0059,3904,grew
864,13.0611195,5.3152203,Sokoto,Nigeria,662173,641249,0.0326,20924,grew
865,21.9647835,108.620787,Qinzhou,China,661953,644359,0.0273,17594,grew
866,22.1757605,113.5514142,Macao,Macau,661838,651875,0.0153,9963,grew
867,41.2946149,36.3320596,Samsun,Turkey,660863,642592,0.0284,18271,grew
868,37.7733197,29.0869273,Denizli,Turkey,660643,644782,0.0246,15861,grew
869,29.9873344,122.2030363,Zhoushan,China,659777,647419,0.0191,12358,grew
870,45.6119057,8.8520522,Busto Arsizio,Italy,657698,654258,0.0053,3440,grew
871,30.6316971,120.5610365,Tongxiang,China,656136,629527,0.0423,26609,grew
872,24.4490237,117.8132438,Longhai,China,655081,631203,0.0378,23878,grew
873,35.7631348,115.0234071,Puyang,China,654261,632347,0.0347,21914,grew
874,24.3705146,111.3590955,Hezhou,China,654185,625304,0.0462,28881,grew
875,25.5310311,78.652689,Jhansi,India,653879,642709,0.0174,11170,grew
876,29.5827203,105.0544575,Neijiang,China,653866,645874,0.0124,7992,grew
877,56.866557,53.2094166,Izhevsk,Russia,651601,651338,0.0004,263,grew
878,35.1490215,-90.0516285,Memphis,United States,651011,651042,0,31,declined
879,22.4732415,70.0552102,Jamnagar,India,650977,644738,0.0097,6239,grew
880,13.322312,43.252987,As-Suways,Egypt,649368,638229,0.0175,11139,grew
881,11.3692044,77.6766269,Erode,India,647988,634977,0.0205,13011,grew
882,25.2856329,51.5264162,Doha,Qatar,646177,641380,0.0075,4797,grew
883,20.1165413,-98.7413535,Pachuca de Soto,Mexico,646101,633453,0.02,12648,grew
884,31.8729183,121.1771295,Haimen,China,645598,626067,0.0312,19531,grew
885,41.7829291,129.7825241,Chongjin,North Korea,645488,642447,0.0047,3041,grew
886,-6.766417,-79.8408308,Chiclayo,Peru,645366,637255,0.0127,8111,grew
887,39.6540161,106.7879045,Wuhai,China,644895,630295,0.0232,14600,grew
888,47.3355856,130.2836718,Hegang,China,644894,638855,0.0095,6039,grew
889,18.2534658,109.5034392,Sanya,China,644727,625290,0.0311,19437,grew
890,31.2457442,34.7925181,Be'er Sheva,Israel,644278,637539,0.0106,6739,grew
891,24.833333,-104.833333,Durango,Mexico,642750,630982,0.0187,11768,grew
892,23.6579595,86.0839161,Bokaro Steel City,India,642145,633551,0.0136,8594,grew
893,51.1263106,16.9781963,Wroclaw,Poland,642085,641401,0.0011,684,grew
894,52.289597,104.280586,Irkutsk,Russia,641504,638843,0.0042,2661,grew
895,53.347402,83.7784496,Barnaul,Russia,640396,639783,0.001,613,grew
896,19.7540045,96.1344976,Nay Pyi Taw,Myanmar,639759,593596,0.0778,46163,grew
897,-20.1560599,28.5887063,Bulawayo,Zimbabwe,639722,638188,0.0024,1534,grew
898,28.8101339,113.0613336,Miluo,China,639015,604159,0.0577,34856,grew
899,45.4371908,12.3345898,Venezia,Italy,638264,637245,0.0016,1019,grew
900,-1.611572,102.779699,Jambi,Indonesia,637037,626192,0.0173,10845,grew
901,25.2689153,55.3152795,Safaqis,Tunisia,636613,630175,0.0102,6438,grew
902,48.481403,135.076935,Khabarovsk,Russia,636254,633151,0.0049,3103,grew
903,34.3508273,62.2164003,Herat,Afghanistan,635579,605575,0.0495,30004,grew
904,51.2254018,6.7763137,Duesseldorf,Germany,635046,631942,0.0049,3104,grew
905,54.596391,-5.9301829,Belfast,United Kingdom,634594,630632,0.0063,3962,grew
906,31.0440068,46.2575523,Nasiriyah,Iraq,634492,616994,0.0284,17498,grew
907,48.7784485,9.1800132,Stuttgart,Germany,633808,632692,0.0018,1116,grew
908,45.4384958,10.9924122,Verona,Italy,633128,629658,0.0055,3470,grew
909,22.2142849,84.8724369,Raurkela,India,631310,622636,0.0139,8674,grew
910,32.6075,43.910833,Jubayl,Saudi Arabia,631060,605743,0.0418,25317,grew
911,56.9493977,24.1051846,Riga,Latvia,627763,630692,-0.0046,2929,declined
912,27.1793466,56.2781423,Bandar Abbas,Iran,627174,606633,0.0339,20541,grew
913,16.7028412,74.2405329,Kolhapur,India,626791,619358,0.012,7433,grew
914,10.6762836,122.9513786,Bacolod,Philippines,624783,613437,0.0185,11346,grew
915,45.649723,9.2053919,Seregno,Italy,624706,619871,0.0078,4835,grew
916,54.3107593,48.3642771,Ulyanovsk,Russia,624103,624896,-0.0013,793,declined
917,-3.1982504,29.0071409,Uvira,DR Congo,622862,589731,0.0562,33131,grew
918,24.2258413,55.7474052,Al-Ain,United Arab Emirates,622675,610887,0.0193,11788,grew
919,41.1257843,16.8620293,Bari,Italy,622590,622377,0.0003,213,grew
920,22.6570263,110.1765019,Yulin Guangxi,China,622115,613668,0.0138,8447,grew
921,26.4691,74.639,Ajmer,India,621505,613617,0.0129,7888,grew
922,1.5574127,110.3439862,Kuching,Malaysia,621114,611566,0.0156,9548,grew
923,11.861324,-15.583055,Bissau,Guinea-Bissau,620974,599714,0.0355,21260,grew
924,10.6228284,10.0287754,Bauchi,Nigeria,620800,597679,0.0387,23121,grew
925,46.2017559,6.1466014,Geneva,Switzerland,620131,613373,0.011,6758,grew
926,30.2745483,109.4833079,Enshi,China,619178,586667,0.0554,32511,grew
927,26.254911,105.9437773,Anshun,China,619116,600121,0.0317,18995,grew
928,6.9387469,79.8541134,Colombo,Sri Lanka,619001,612535,0.0106,6466,grew
929,23.4423808,112.6997273,Sihui,China,618859,591080,0.047,27779,grew
930,33.069049,107.018889,Hanzhong,China,618109,605327,0.0211,12782,grew
931,23.1885131,75.7716562,Ujjain,India,617812,607055,0.0177,10757,grew
932,57.7072326,11.9670171,Gothenburg,Sweden,617781,610521,0.0119,7260,grew
933,37.6866796,112.7383414,Jinzhong,China,617236,599611,0.0294,17625,grew
934,30.2090874,76.3398721,Patiala,India,616590,599186,0.029,17404,grew
935,29.4928874,60.8503017,Zahedan,Iran,616511,609873,0.0109,6638,grew
936,28.8680526,79.298385,Bilaspur,India,616394,599812,0.0276,16582,grew
937,38.2542376,-85.759407,Louisville,United States,615924,616781,-0.0014,857,declined
938,14.8110432,121.0491569,San Jose del Monte,Philippines,615815,607692,0.0134,8123,grew
939,15.239041,44.145513,Hillah,Iraq,615167,604149,0.0182,11018,grew
940,47.9102734,33.3917703,Kryvyi Rih,Ukraine,613696,618706,-0.0081,5010,declined
941,57.6263877,39.8933705,Yaroslavl,Russia,612502,612365,0.0002,137,grew
942,50.8214626,-0.1400561,Brighton,United Kingdom,612159,606909,0.0087,5250,grew
943,-12.2578934,-38.9598047,Feira De Santana,Brazil,609939,602128,0.013,7811,grew
944,43.1150678,131.8855768,Vladivostok,Russia,609632,609754,-0.0002,122,declined
945,23.4610615,91.1808748,Comilla,Bangladesh,609345,588772,0.0349,20573,grew
946,19.416667,-98.166667,Tlaxcala,Mexico,606590,596362,0.0172,10228,grew
947,43.1669821,124.364739,Siping,China,604724,594482,0.0172,10242,grew
948,39.9815552,117.0714873,Sanhe,China,604549,576241,0.0491,28308,grew
949,4.9795999,8.3373597,Calabar,Nigeria,604546,579273,0.0436,25273,grew
950,27.633333,77.583333,Mathura,India,603301,588334,0.0254,14967,grew
951,6.3208897,8.1133202,Abakaliki,Nigeria,601712,572028,0.0519,29684,grew
952,34.5307313,113.3761237,Xinmi,China,600980,575696,0.0439,25284,grew
953,41.9960924,21.4316495,Skopje,North Macedonia,600708,595275,0.0091,5433,grew
954,42.9830241,47.5048717,Makhachkala,Russia,600541,599792,0.0012,749,grew
955,58.6124279,82.0475315,Tomsk,Russia,600254,595642,0.0077,4612,grew
956,32.0165721,120.2693683,Jingjiang,China,599221,577513,0.0376,21708,grew
957,24.7337639,118.6439351,Shishi,China,598547,585317,0.0226,13230,grew
958,25.6301525,119.3756376,Fuqing,China,597698,584631,0.0224,13067,grew
959,37.2595198,39.0408174,Sanliurfa,Turkey,596713,590522,0.0105,6191,grew
960,51.3406321,12.3747329,Leipzig,Germany,596230,591052,0.0088,5178,grew
961,23.8312377,91.2823821,Agartala,India,595210,575073,0.035,20137,grew
962,30.3635622,113.4170705,Xiantao,China,594155,588540,0.0095,5615,grew
963,47.7231316,128.8785919,Yichun Heilongjiang,China,593871,598465,-0.0077,4594,declined
964,24.7991162,93.9364419,Imphal,India,593524,575625,0.0311,17899,grew
965,30.0981854,114.9747162,Daye,China,592972,578374,0.0252,14598,grew
966,-8.9740144,33.3915834,Mbeya,Tanzania,592579,566065,0.0468,26514,grew
967,22.9212029,110.9898501,Cenxi,China,592553,565509,0.0478,27044,grew
968,17.9712148,-76.7928128,Kingston,Jamaica,592477,590940,0.0026,1537,grew
969,16.8502534,74.5948885,Sangli,India,592117,583629,0.0145,8488,grew
970,-15.5986686,-56.0991301,Cuiaba,Brazil,591522,588566,0.005,2956,grew
971,39.6550017,66.9756954,Samarkand,Uzbekistan,591252,578762,0.0216,12490,grew
972,36.7213028,-4.4216366,Malaga,Spain,591091,590032,0.0018,1059,grew
973,4.4386453,-75.2105974,Ibague,Colombia,590686,586187,0.0077,4499,grew
974,51.5142273,7.4652789,Dortmund,Germany,589748,589600,0.0003,148,grew
975,31.521587,130.5474077,Kagoshima,Japan,588413,591042,-0.0044,2629,declined
976,10.395075,-71.4414049,Cabimas,Venezuela,588348,578222,0.0175,10126,grew
977,45.7700345,131.0074987,Qitaihe,China,588212,578992,0.0159,9220,grew
978,43.0349931,-87.922497,Milwaukee,United States,587721,588939,-0.0021,1218,declined
979,37.5023612,15.0873718,Catania,Italy,586049,585877,0.0003,172,grew
980,13.5708192,100.2585874,Samut Sakhon,Thailand,585964,578273,0.0133,7691,grew
981,-10.9891601,26.7397418,Likasi,DR Congo,585678,567839,0.0314,17839,grew
982,-19.828707,34.841782,Beira,Mozambique,584989,569911,0.0265,15078,grew
983,34.973321,48.6555779,Hamadan,Iran,584645,577808,0.0118,6837,grew
984,39.3307915,112.4235469,Shuozhou,China,584272,563456,0.0369,20816,grew
985,41.7225544,125.9170455,Tonghua,China,584209,572967,0.0196,11242,grew
986,11.8145966,42.8453061,Djibouti,Djibouti,583695,576157,0.0131,7538,grew
987,51.4582235,7.0158171,Essen,Germany,581579,582128,-0.0009,549,declined
988,43.1257311,5.9304919,Toulon,France,581264,579095,0.0037,2169,grew
989,51.0493286,13.7381437,Dresden,Germany,580877,575476,0.0094,5401,grew
990,-21.7609533,-43.3501129,Juiz De Fora,Brazil,580874,575481,0.0094,5393,grew
991,7.6906058,-5.0298408,Bouake,Ivory Coast,580586,571876,0.0152,8710,grew
992,4.8142613,-75.6946776,Pereira,Colombia,580225,579620,0.001,605,grew
993,24.578721,73.6862571,Udaipur,India,580191,569224,0.0193,10967,grew
994,34.7678842,111.1908398,Sanmenxia,China,579273,561369,0.0319,17904,grew
995,12.7948109,79.0006411,Vellore,India,578956,569048,0.0174,9908,grew
996,29.2908082,120.2366509,Dongyang,China,578734,566083,0.0223,12651,grew
997,38.4583983,47.9313001,Ardabil,Iran,578222,567912,0.0182,10310,grew
998,8.7567452,78.0797527,Thoothukkudi,India,577945,560930,0.0303,17015,grew
999,-29.116395,26.215496,Bloemfontein,South Africa,577560,567029,0.0186,10531,grew
1000,22.4277951,111.1032678,Xinyi,China,577474,559613,0.0319,17861,grew
